{
  "v": "5.12.1",
  "fr": 60,
  "ip": 0,
  "op": 60,
  "w": 500,
  "h": 500,
  "nm": "system-solid-56-warning",
  "ddd": 0,
  "assets": [
    {
      "id": "comp_0",
      "nm": "in-warning",
      "fr": 60,
      "layers": [
        {
          "ddd": 0,
          "ind": 1,
          "ty": 4,
          "nm": ".primary.design",
          "cl": "primary design",
          "sr": 1,
          "ks": {
            "o": { "a": 0, "k": 100, "ix": 11 },
            "r": { "a": 0, "k": 0, "ix": 10 },
            "p": { "a": 0, "k": [250, 250, 0], "ix": 2, "l": 2 },
            "a": { "a": 0, "k": [0, 0, 0], "ix": 1, "l": 2 },
            "s": { "a": 0, "k": [100, 100, 100], "ix": 6, "l": 2 }
          },
          "ao": 0,
          "shapes": [
            {
              "ty": "gr",
              "it": [
                {
                  "ind": 0,
                  "ty": "sh",
                  "ix": 1,
                  "ks": {
                    "a": 0,
                    "k": {
                      "i": [
                        [0.208, -1.667],
                        [0.833, -1.667],
                        [0.833, -1.25],
                        [1.25, -1.042],
                        [1.458, -1.042],
                        [1.458, -0.625],
                        [1.667, -0.417],
                        [1.667, 0],
                        [5, 5],
                        [1.042, 1.458],
                        [0.625, 1.458],
                        [0.417, 1.667],
                        [0, 1.667],
                        [-0.208, 1.667],
                        [-0.833, 1.667],
                        [-0.833, 1.25],
                        [-1.042, 1.042],
                        [-8.333, -1.667],
                        [-1.667, -0.833],
                        [-1.25, -0.833],
                        [-1.042, -1.25],
                        [-1.042, -1.458],
                        [-0.625, -1.458],
                        [-0.417, -1.667],
                        [0, -1.667]
                      ],
                      "o": [
                        [-0.417, 1.667],
                        [-0.625, 1.458],
                        [-1.042, 1.458],
                        [-1.042, 1.25],
                        [-1.25, 0.833],
                        [-1.667, 0.833],
                        [-1.667, 0.208],
                        [-6.875, 0],
                        [-1.042, -1.042],
                        [-0.833, -1.25],
                        [-0.833, -1.667],
                        [-0.208, -1.667],
                        [0, -1.667],
                        [0.417, -1.667],
                        [0.625, -1.458],
                        [1.042, -1.458],
                        [6.25, -6.041],
                        [1.667, 0.417],
                        [1.458, 0.625],
                        [1.458, 1.042],
                        [1.25, 1.042],
                        [0.833, 1.25],
                        [0.833, 1.667],
                        [0.208, 1.667],
                        [0, 1.667]
                      ],
                      "v": [
                        [25.987, 108.66],
                        [24.321, 113.659],
                        [22.029, 118.034],
                        [18.696, 121.992],
                        [14.738, 125.325],
                        [10.363, 127.617],
                        [5.364, 129.283],
                        [0.364, 129.7],
                        [-18.176, 121.992],
                        [-21.301, 118.034],
                        [-23.593, 113.659],
                        [-25.259, 108.66],
                        [-25.676, 103.66],
                        [-25.259, 98.66],
                        [-23.593, 93.661],
                        [-21.301, 89.286],
                        [-18.176, 85.328],
                        [5.364, 78.037],
                        [10.363, 79.703],
                        [14.738, 81.995],
                        [18.696, 85.328],
                        [22.029, 89.286],
                        [24.321, 93.661],
                        [25.987, 98.66],
                        [26.404, 103.66]
                      ],
                      "c": true
                    },
                    "ix": 2
                  },
                  "nm": "Path 1",
                  "mn": "ADBE Vector Shape - Group",
                  "hd": false
                },
                {
                  "ind": 1,
                  "ty": "sh",
                  "ix": 2,
                  "ks": {
                    "a": 0,
                    "k": {
                      "i": [
                        [0, 0],
                        [-11.458, 0],
                        [0, -11.458],
                        [0, 0],
                        [11.458, 0],
                        [0, 11.458]
                      ],
                      "o": [
                        [0, -11.458],
                        [11.458, 0],
                        [0, 0],
                        [0, 11.458],
                        [-11.458, 0],
                        [0, 0]
                      ],
                      "v": [
                        [-20.468, -62.996],
                        [0.364, -83.828],
                        [21.196, -62.996],
                        [21.196, 20.332],
                        [0.364, 41.164],
                        [-20.468, 20.332]
                      ],
                      "c": true
                    },
                    "ix": 2
                  },
                  "nm": "Path 2",
                  "mn": "ADBE Vector Shape - Group",
                  "hd": false
                },
                {
                  "ind": 2,
                  "ty": "sh",
                  "ix": 3,
                  "ks": {
                    "a": 0,
                    "k": {
                      "i": [
                        [2.708, 4.791],
                        [0, 0],
                        [5.416, -10.208],
                        [0, 0],
                        [-2.916, -4.791],
                        [-5.416, 0],
                        [0, 0],
                        [-2.708, 4.583]
                      ],
                      "o": [
                        [0, 0],
                        [-5.416, -10.208],
                        [0, 0],
                        [-2.708, 4.791],
                        [2.708, 4.583],
                        [0, 0],
                        [5.416, 0],
                        [2.917, -4.791]
                      ],
                      "v": [
                        [206.809, 164.073],
                        [14.113, -200.487],
                        [-13.385, -200.487],
                        [-206.081, 164.073],
                        [-205.664, 179.488],
                        [-192.332, 186.988],
                        [193.06, 186.988],
                        [206.392, 179.488]
                      ],
                      "c": true
                    },
                    "ix": 2
                  },
                  "nm": "Path 3",
                  "mn": "ADBE Vector Shape - Group",
                  "hd": false
                },
                {
                  "ty": "fl",
                  "c": {
                    "a": 0,
                    "k": [1, 1, 1, 1],
                    "ix": 4,
                    "x": "var $bm_rt;\n$bm_rt = comp('system-solid-56-warning').layer('control').effect('primary')('Color');"
                  },
                  "o": { "a": 0, "k": 100, "ix": 5 },
                  "r": 1,
                  "bm": 0,
                  "nm": ".primary",
                  "mn": "ADBE Vector Graphic - Fill",
                  "hd": false,
                  "cl": "primary"
                },
                {
                  "ty": "tr",
                  "p": { "a": 0, "k": [0, 0], "ix": 2 },
                  "a": { "a": 0, "k": [0, 0], "ix": 1 },
                  "s": { "a": 0, "k": [100, 100], "ix": 3 },
                  "r": { "a": 0, "k": 0, "ix": 6 },
                  "o": { "a": 0, "k": 100, "ix": 7 },
                  "sk": { "a": 0, "k": 0, "ix": 4 },
                  "sa": { "a": 0, "k": 0, "ix": 5 },
                  "nm": "Transform"
                }
              ],
              "nm": "Group 1",
              "np": 4,
              "cix": 2,
              "bm": 0,
              "ix": 1,
              "mn": "ADBE Vector Group",
              "hd": false
            }
          ],
          "ip": 60,
          "op": 300,
          "st": 0,
          "ct": 1,
          "bm": 0
        },
        {
          "ddd": 0,
          "ind": 2,
          "ty": 0,
          "nm": "mask-2",
          "td": 1,
          "refId": "comp_1",
          "sr": 1,
          "ks": {
            "o": { "a": 0, "k": 100, "ix": 11 },
            "r": { "a": 0, "k": 0, "ix": 10 },
            "p": { "a": 0, "k": [250, 250, 0], "ix": 2, "l": 2 },
            "a": { "a": 0, "k": [250, 250, 0], "ix": 1, "l": 2 },
            "s": { "a": 0, "k": [100, 100, 100], "ix": 6, "l": 2 }
          },
          "ao": 0,
          "w": 500,
          "h": 500,
          "ip": 1,
          "op": 60,
          "st": 1,
          "bm": 0
        },
        {
          "ddd": 0,
          "ind": 3,
          "ty": 4,
          "nm": ".primary.design",
          "cl": "primary design",
          "tt": 2,
          "tp": 2,
          "sr": 1,
          "ks": {
            "o": { "a": 0, "k": 100, "ix": 11 },
            "r": { "a": 0, "k": 0, "ix": 10 },
            "p": { "a": 0, "k": [250.004, 57.291, 0], "ix": 2, "l": 2 },
            "a": { "a": 0, "k": [0, -182.293, 0], "ix": 1, "l": 2 },
            "s": { "a": 0, "k": [100, 100, 100], "ix": 6, "l": 2 }
          },
          "ao": 0,
          "shapes": [
            {
              "ty": "gr",
              "it": [
                {
                  "ind": 0,
                  "ty": "sh",
                  "ix": 1,
                  "ks": {
                    "a": 1,
                    "k": [
                      {
                        "i": { "x": 0, "y": 1 },
                        "o": { "x": 0.167, "y": 0.167 },
                        "t": 1,
                        "s": [
                          {
                            "i": [
                              [0, 0],
                              [0, 0],
                              [0, 0]
                            ],
                            "o": [
                              [0, 0],
                              [0, 0],
                              [0, 0]
                            ],
                            "v": [
                              [-0.004, 182.293],
                              [0, -22.293],
                              [0.004, 182.293]
                            ],
                            "c": true
                          }
                        ]
                      },
                      {
                        "t": 30,
                        "s": [
                          {
                            "i": [
                              [0, 0],
                              [0, 0],
                              [0, 0]
                            ],
                            "o": [
                              [0, 0],
                              [0, 0],
                              [0, 0]
                            ],
                            "v": [
                              [-192.709, 182.293],
                              [0, -182.293],
                              [192.709, 182.293]
                            ],
                            "c": true
                          }
                        ]
                      }
                    ],
                    "ix": 2
                  },
                  "nm": "Path 1",
                  "mn": "ADBE Vector Shape - Group",
                  "hd": false
                },
                {
                  "ty": "st",
                  "c": {
                    "a": 0,
                    "k": [1, 1, 1, 1],
                    "ix": 3,
                    "x": "var $bm_rt;\n$bm_rt = comp('system-solid-56-warning').layer('control').effect('primary')('Color');"
                  },
                  "o": { "a": 0, "k": 100, "ix": 4 },
                  "w": { "a": 0, "k": 31.3, "ix": 5 },
                  "lc": 2,
                  "lj": 2,
                  "bm": 0,
                  "nm": ".primary",
                  "mn": "ADBE Vector Graphic - Stroke",
                  "hd": false,
                  "cl": "primary"
                },
                {
                  "ty": "tr",
                  "p": { "a": 0, "k": [0, 0], "ix": 2 },
                  "a": { "a": 0, "k": [0, 0], "ix": 1 },
                  "s": { "a": 0, "k": [100, 100], "ix": 3 },
                  "r": { "a": 0, "k": 0, "ix": 6 },
                  "o": { "a": 0, "k": 100, "ix": 7 },
                  "sk": { "a": 0, "k": 0, "ix": 4 },
                  "sa": { "a": 0, "k": 0, "ix": 5 },
                  "nm": "Transform"
                }
              ],
              "nm": "Group 1",
              "np": 2,
              "cix": 2,
              "bm": 0,
              "ix": 1,
              "mn": "ADBE Vector Group",
              "hd": false
            },
            {
              "ty": "fl",
              "c": {
                "a": 0,
                "k": [1, 1, 1, 1],
                "ix": 4,
                "x": "var $bm_rt;\n$bm_rt = comp('system-solid-56-warning').layer('control').effect('primary')('Color');"
              },
              "o": { "a": 0, "k": 100, "ix": 5 },
              "r": 1,
              "bm": 0,
              "nm": ".primary",
              "mn": "ADBE Vector Graphic - Fill",
              "hd": false,
              "cl": "primary"
            }
          ],
          "ip": 1,
          "op": 60,
          "st": 0,
          "ct": 1,
          "bm": 0
        }
      ]
    },
    {
      "id": "comp_1",
      "nm": "mask-2",
      "fr": 60,
      "layers": [
        {
          "ddd": 0,
          "ind": 1,
          "ty": 3,
          "nm": "NULL ",
          "sr": 1,
          "ks": {
            "o": { "a": 0, "k": 0, "ix": 11 },
            "r": {
              "a": 1,
              "k": [
                {
                  "i": { "x": [0.159], "y": [1] },
                  "o": { "x": [0.333], "y": [0] },
                  "t": 1,
                  "s": [0]
                },
                {
                  "i": { "x": [0.667], "y": [1] },
                  "o": { "x": [0.333], "y": [0] },
                  "t": 35,
                  "s": [35]
                },
                {
                  "i": { "x": [0.667], "y": [1] },
                  "o": { "x": [0.333], "y": [0] },
                  "t": 45.441,
                  "s": [-35]
                },
                { "t": 59, "s": [0] }
              ],
              "ix": 10
            },
            "p": { "a": 0, "k": [250, 284, 0], "ix": 2, "l": 2 },
            "a": { "a": 0, "k": [50, 50, 0], "ix": 1, "l": 2 },
            "s": { "a": 0, "k": [100, 100, 100], "ix": 6, "l": 2 }
          },
          "ao": 0,
          "ip": 0,
          "op": 59,
          "st": 0,
          "bm": 0
        },
        {
          "ddd": 0,
          "ind": 2,
          "ty": 4,
          "nm": ".primary.design",
          "cl": "primary design",
          "parent": 1,
          "sr": 1,
          "ks": {
            "o": { "a": 0, "k": 100, "ix": 11 },
            "r": { "a": 0, "k": 0, "ix": 10 },
            "p": { "a": 0, "k": [50.005, 120.173, 0], "ix": 2, "l": 2 },
            "a": { "a": 0, "k": [0, 0, 0], "ix": 1, "l": 2 },
            "s": { "a": 0, "k": [100, 100, 100], "ix": 6, "l": 2 }
          },
          "ao": 0,
          "shapes": [
            {
              "ty": "gr",
              "it": [
                {
                  "ind": 0,
                  "ty": "sh",
                  "ix": 1,
                  "ks": {
                    "a": 1,
                    "k": [
                      {
                        "i": { "x": 0, "y": 1 },
                        "o": { "x": 0.167, "y": 0.167 },
                        "t": 0,
                        "s": [
                          {
                            "i": [
                              [0, 0],
                              [0, 0]
                            ],
                            "o": [
                              [0, 0],
                              [0, 0]
                            ],
                            "v": [
                              [0.005, 61],
                              [0.005, 61]
                            ],
                            "c": false
                          }
                        ]
                      },
                      {
                        "t": 29,
                        "s": [
                          {
                            "i": [
                              [0, 0],
                              [0, 0]
                            ],
                            "o": [
                              [0, 0],
                              [0, 0]
                            ],
                            "v": [
                              [0, 0],
                              [0, 0]
                            ],
                            "c": false
                          }
                        ]
                      }
                    ],
                    "ix": 2
                  },
                  "nm": "Path 1",
                  "mn": "ADBE Vector Shape - Group",
                  "hd": false
                },
                {
                  "ty": "st",
                  "c": { "a": 0, "k": [0, 0, 0, 1], "ix": 3 },
                  "o": { "a": 0, "k": 100, "ix": 4 },
                  "w": { "a": 0, "k": 52, "ix": 5 },
                  "lc": 2,
                  "lj": 1,
                  "ml": 10,
                  "bm": 0,
                  "nm": "Stroke 1",
                  "mn": "ADBE Vector Graphic - Stroke",
                  "hd": false
                },
                {
                  "ty": "tr",
                  "p": { "a": 0, "k": [0, 0], "ix": 2 },
                  "a": { "a": 0, "k": [0, 0], "ix": 1 },
                  "s": { "a": 0, "k": [100, 100], "ix": 3 },
                  "r": { "a": 0, "k": 0, "ix": 6 },
                  "o": { "a": 0, "k": 100, "ix": 7 },
                  "sk": { "a": 0, "k": 0, "ix": 4 },
                  "sa": { "a": 0, "k": 0, "ix": 5 },
                  "nm": "Transform"
                }
              ],
              "nm": "Group 1",
              "np": 2,
              "cix": 2,
              "bm": 0,
              "ix": 1,
              "mn": "ADBE Vector Group",
              "hd": false
            }
          ],
          "ip": 0,
          "op": 59,
          "st": -1,
          "ct": 1,
          "bm": 0
        },
        {
          "ddd": 0,
          "ind": 3,
          "ty": 4,
          "nm": ".primary.design",
          "cl": "primary design",
          "parent": 1,
          "sr": 1,
          "ks": {
            "o": { "a": 0, "k": 100, "ix": 11 },
            "r": { "a": 0, "k": 0, "ix": 10 },
            "p": { "a": 0, "k": [50.004, 10.799, 0], "ix": 2, "l": 2 },
            "a": { "a": 0, "k": [0, 0, 0], "ix": 1, "l": 2 },
            "s": { "a": 0, "k": [100, 100, 100], "ix": 6, "l": 2 }
          },
          "ao": 0,
          "shapes": [
            {
              "ty": "gr",
              "it": [
                {
                  "ind": 0,
                  "ty": "sh",
                  "ix": 1,
                  "ks": {
                    "a": 1,
                    "k": [
                      {
                        "i": { "x": 0, "y": 1 },
                        "o": { "x": 0.167, "y": 0.167 },
                        "t": 0,
                        "s": [
                          {
                            "i": [
                              [0, 0],
                              [0, 0]
                            ],
                            "o": [
                              [0, 0],
                              [0, 0]
                            ],
                            "v": [
                              [0.004, 169.167],
                              [0.011, 168.333]
                            ],
                            "c": false
                          }
                        ]
                      },
                      {
                        "t": 29,
                        "s": [
                          {
                            "i": [
                              [0, 0],
                              [0, 0]
                            ],
                            "o": [
                              [0, 0],
                              [0, 0]
                            ],
                            "v": [
                              [0, 41.667],
                              [0, -41.667]
                            ],
                            "c": false
                          }
                        ]
                      }
                    ],
                    "ix": 2
                  },
                  "nm": "Path 1",
                  "mn": "ADBE Vector Shape - Group",
                  "hd": false
                },
                {
                  "ty": "st",
                  "c": { "a": 0, "k": [0, 0, 0, 1], "ix": 3 },
                  "o": { "a": 0, "k": 100, "ix": 4 },
                  "w": { "a": 0, "k": 41, "ix": 5 },
                  "lc": 2,
                  "lj": 2,
                  "bm": 0,
                  "nm": "Stroke 1",
                  "mn": "ADBE Vector Graphic - Stroke",
                  "hd": false
                },
                {
                  "ty": "tr",
                  "p": { "a": 0, "k": [0, -15], "ix": 2 },
                  "a": { "a": 0, "k": [0, 0], "ix": 1 },
                  "s": { "a": 0, "k": [100, 100], "ix": 3 },
                  "r": { "a": 0, "k": 0, "ix": 6 },
                  "o": { "a": 0, "k": 100, "ix": 7 },
                  "sk": { "a": 0, "k": 0, "ix": 4 },
                  "sa": { "a": 0, "k": 0, "ix": 5 },
                  "nm": "Transform"
                }
              ],
              "nm": "Group 1",
              "np": 2,
              "cix": 2,
              "bm": 0,
              "ix": 1,
              "mn": "ADBE Vector Group",
              "hd": false
            }
          ],
          "ip": 0,
          "op": 59,
          "st": -1,
          "ct": 1,
          "bm": 0
        }
      ]
    },
    {
      "id": "comp_3",
      "nm": "mask-1",
      "fr": 60,
      "layers": [
        {
          "ddd": 0,
          "ind": 1,
          "ty": 3,
          "nm": "NULL 2",
          "sr": 1,
          "ks": {
            "o": { "a": 0, "k": 0, "ix": 11 },
            "r": {
              "a": 1,
              "k": [
                {
                  "i": { "x": [0.667], "y": [1] },
                  "o": { "x": [0.333], "y": [0] },
                  "t": 11,
                  "s": [0]
                },
                {
                  "i": { "x": [0.667], "y": [1] },
                  "o": { "x": [0.333], "y": [0] },
                  "t": 17.25,
                  "s": [-30]
                },
                {
                  "i": { "x": [0.667], "y": [1] },
                  "o": { "x": [0.333], "y": [0] },
                  "t": 23.5,
                  "s": [30]
                },
                {
                  "i": { "x": [0.16], "y": [1] },
                  "o": { "x": [0.333], "y": [0] },
                  "t": 31,
                  "s": [-30]
                },
                { "t": 46, "s": [0] }
              ],
              "ix": 10
            },
            "p": { "a": 0, "k": [250, 284, 0], "ix": 2, "l": 2 },
            "a": { "a": 0, "k": [50, 50, 0], "ix": 1, "l": 2 },
            "s": {
              "a": 1,
              "k": [
                {
                  "i": { "x": [0, 0, 0.2], "y": [1, 1, 1] },
                  "o": { "x": [0.333, 0.333, 0.333], "y": [0, 0, 0] },
                  "t": 0,
                  "s": [100, 100, 100]
                },
                {
                  "i": { "x": [0.3, 0.3, 0.3], "y": [1, 1, 1] },
                  "o": { "x": [1, 1, 0.8], "y": [0, 0, 0] },
                  "t": 16,
                  "s": [180, 180, 100]
                },
                {
                  "i": { "x": [0.3, 0.3, 0.3], "y": [1, 1, 1] },
                  "o": { "x": [0.7, 0.7, 0.7], "y": [0, 0, 0] },
                  "t": 35,
                  "s": [180, 180, 100]
                },
                { "t": 58, "s": [100, 100, 100] }
              ],
              "ix": 6,
              "l": 2
            }
          },
          "ao": 0,
          "ip": 0,
          "op": 53,
          "st": 0,
          "bm": 0
        },
        {
          "ddd": 0,
          "ind": 2,
          "ty": 4,
          "nm": ".primary.design",
          "cl": "primary design",
          "parent": 1,
          "sr": 1,
          "ks": {
            "o": { "a": 0, "k": 100, "ix": 11 },
            "r": { "a": 0, "k": 0, "ix": 10 },
            "p": { "a": 0, "k": [50.005, 120.173, 0], "ix": 2, "l": 2 },
            "a": { "a": 0, "k": [0, 0, 0], "ix": 1, "l": 2 },
            "s": { "a": 0, "k": [100, 100, 100], "ix": 6, "l": 2 }
          },
          "ao": 0,
          "shapes": [
            {
              "ty": "gr",
              "it": [
                {
                  "ind": 0,
                  "ty": "sh",
                  "ix": 1,
                  "ks": {
                    "a": 0,
                    "k": {
                      "i": [
                        [0, 0],
                        [0, 0]
                      ],
                      "o": [
                        [0, 0],
                        [0, 0]
                      ],
                      "v": [
                        [0, 0],
                        [0, 0]
                      ],
                      "c": false
                    },
                    "ix": 2
                  },
                  "nm": "Path 1",
                  "mn": "ADBE Vector Shape - Group",
                  "hd": false
                },
                {
                  "ty": "st",
                  "c": { "a": 0, "k": [1, 1, 1, 1], "ix": 3 },
                  "o": { "a": 0, "k": 100, "ix": 4 },
                  "w": {
                    "a": 1,
                    "k": [
                      {
                        "i": { "x": [0], "y": [1] },
                        "o": { "x": [0.333], "y": [0] },
                        "t": 0,
                        "s": [52]
                      },
                      {
                        "i": { "x": [0], "y": [1] },
                        "o": { "x": [1], "y": [0] },
                        "t": 10,
                        "s": [150]
                      },
                      {
                        "i": { "x": [0.833], "y": [0.833] },
                        "o": { "x": [1], "y": [0] },
                        "t": 29,
                        "s": [150]
                      },
                      { "t": 53, "s": [52] }
                    ],
                    "ix": 5
                  },
                  "lc": 2,
                  "lj": 1,
                  "ml": 10,
                  "bm": 0,
                  "nm": "Stroke 1",
                  "mn": "ADBE Vector Graphic - Stroke",
                  "hd": false
                },
                {
                  "ty": "tr",
                  "p": { "a": 0, "k": [0, 0], "ix": 2 },
                  "a": { "a": 0, "k": [0, 0], "ix": 1 },
                  "s": { "a": 0, "k": [100, 100], "ix": 3 },
                  "r": { "a": 0, "k": 0, "ix": 6 },
                  "o": { "a": 0, "k": 100, "ix": 7 },
                  "sk": { "a": 0, "k": 0, "ix": 4 },
                  "sa": { "a": 0, "k": 0, "ix": 5 },
                  "nm": "Transform"
                }
              ],
              "nm": "Group 1",
              "np": 2,
              "cix": 2,
              "bm": 0,
              "ix": 1,
              "mn": "ADBE Vector Group",
              "hd": false
            }
          ],
          "ip": 0,
          "op": 53,
          "st": -1,
          "ct": 1,
          "bm": 0
        },
        {
          "ddd": 0,
          "ind": 3,
          "ty": 4,
          "nm": ".primary.design",
          "cl": "primary design",
          "parent": 1,
          "sr": 1,
          "ks": {
            "o": { "a": 0, "k": 100, "ix": 11 },
            "r": { "a": 0, "k": 0, "ix": 10 },
            "p": { "a": 0, "k": [50.004, 10.799, 0], "ix": 2, "l": 2 },
            "a": { "a": 0, "k": [0, 0, 0], "ix": 1, "l": 2 },
            "s": { "a": 0, "k": [100, 100, 100], "ix": 6, "l": 2 }
          },
          "ao": 0,
          "shapes": [
            {
              "ty": "gr",
              "it": [
                {
                  "ind": 0,
                  "ty": "sh",
                  "ix": 1,
                  "ks": {
                    "a": 1,
                    "k": [
                      {
                        "i": { "x": 0, "y": 1 },
                        "o": { "x": 0.333, "y": 0 },
                        "t": 0,
                        "s": [
                          {
                            "i": [
                              [0, 0],
                              [0, 0]
                            ],
                            "o": [
                              [0, 0],
                              [0, 0]
                            ],
                            "v": [
                              [0, 41.667],
                              [0, -41.667]
                            ],
                            "c": false
                          }
                        ]
                      },
                      {
                        "i": { "x": 0, "y": 1 },
                        "o": { "x": 1, "y": 0 },
                        "t": 10,
                        "s": [
                          {
                            "i": [
                              [0, 0],
                              [0, 0]
                            ],
                            "o": [
                              [0, 0],
                              [0, 0]
                            ],
                            "v": [
                              [0.004, 142.667],
                              [0, -41.667]
                            ],
                            "c": false
                          }
                        ]
                      },
                      {
                        "i": { "x": 0.833, "y": 0.833 },
                        "o": { "x": 1, "y": 0 },
                        "t": 29,
                        "s": [
                          {
                            "i": [
                              [0, 0],
                              [0, 0]
                            ],
                            "o": [
                              [0, 0],
                              [0, 0]
                            ],
                            "v": [
                              [0.004, 142.667],
                              [0, -41.667]
                            ],
                            "c": false
                          }
                        ]
                      },
                      {
                        "t": 53,
                        "s": [
                          {
                            "i": [
                              [0, 0],
                              [0, 0]
                            ],
                            "o": [
                              [0, 0],
                              [0, 0]
                            ],
                            "v": [
                              [0, 41.667],
                              [0, -41.667]
                            ],
                            "c": false
                          }
                        ]
                      }
                    ],
                    "ix": 2
                  },
                  "nm": "Path 1",
                  "mn": "ADBE Vector Shape - Group",
                  "hd": false
                },
                {
                  "ty": "st",
                  "c": { "a": 0, "k": [1, 1, 1, 1], "ix": 3 },
                  "o": { "a": 0, "k": 100, "ix": 4 },
                  "w": {
                    "a": 1,
                    "k": [
                      {
                        "i": { "x": [0], "y": [1] },
                        "o": { "x": [0.333], "y": [0] },
                        "t": 0,
                        "s": [42]
                      },
                      {
                        "i": { "x": [0], "y": [1] },
                        "o": { "x": [1], "y": [0] },
                        "t": 10,
                        "s": [150]
                      },
                      {
                        "i": { "x": [0.833], "y": [0.833] },
                        "o": { "x": [1], "y": [0] },
                        "t": 29,
                        "s": [150]
                      },
                      { "t": 53, "s": [42] }
                    ],
                    "ix": 5
                  },
                  "lc": 2,
                  "lj": 2,
                  "bm": 0,
                  "nm": "Stroke 1",
                  "mn": "ADBE Vector Graphic - Stroke",
                  "hd": false
                },
                {
                  "ty": "tr",
                  "p": { "a": 0, "k": [0, -14.5], "ix": 2 },
                  "a": { "a": 0, "k": [0, 0], "ix": 1 },
                  "s": { "a": 0, "k": [100, 100], "ix": 3 },
                  "r": { "a": 0, "k": 0, "ix": 6 },
                  "o": { "a": 0, "k": 100, "ix": 7 },
                  "sk": { "a": 0, "k": 0, "ix": 4 },
                  "sa": { "a": 0, "k": 0, "ix": 5 },
                  "nm": "Transform"
                }
              ],
              "nm": "Group 1",
              "np": 2,
              "cix": 2,
              "bm": 0,
              "ix": 1,
              "mn": "ADBE Vector Group",
              "hd": false
            }
          ],
          "ip": 0,
          "op": 53,
          "st": -1,
          "ct": 1,
          "bm": 0
        }
      ]
    }
  ],
  "layers": [
    {
      "ddd": 0,
      "ind": 1,
      "ty": 3,
      "nm": "control",
      "sr": 1,
      "ks": {
        "o": { "a": 0, "k": 0, "ix": 11 },
        "r": { "a": 0, "k": 0, "ix": 10 },
        "p": { "a": 0, "k": [0, 0], "ix": 2, "l": 2 },
        "a": { "a": 0, "k": [0, 0, 0], "ix": 1, "l": 2 },
        "s": { "a": 0, "k": [100, 100, 100], "ix": 6, "l": 2 }
      },
      "ao": 0,
      "ef": [
        {
          "ty": 5,
          "nm": "primary",
          "np": 3,
          "mn": "ADBE Color Control",
          "ix": 1,
          "en": 1,
          "ef": [
            {
              "ty": 2,
              "nm": "Color",
              "mn": "ADBE Color Control-0001",
              "ix": 1,
              "v": { "a": 0, "k": [1, 1, 1], "ix": 1 }
            }
          ]
        }
      ],
      "ip": 0,
      "op": 131,
      "st": 0,
      "bm": 0
    },
    {
      "ddd": 0,
      "ind": 2,
      "ty": 0,
      "nm": "in-warning",
      "refId": "comp_0",
      "sr": 1,
      "ks": {
        "o": { "a": 0, "k": 100, "ix": 11 },
        "r": { "a": 0, "k": 0, "ix": 10 },
        "p": { "a": 0, "k": [250, 250, 0], "ix": 2, "l": 2 },
        "a": { "a": 0, "k": [250, 250, 0], "ix": 1, "l": 2 },
        "s": { "a": 0, "k": [100, 100, 100], "ix": 6, "l": 2 }
      },
      "ao": 0,
      "w": 500,
      "h": 500,
      "ip": 0,
      "op": 70,
      "st": 0,
      "bm": 0
    }
  ],
  "markers": [{ "tm": 0, "cm": "default:in-warning", "dr": 60 }],
  "props": {}
}
